cell,role,L,q_w,beta,eta,N,seed,V2,V2_half95,I,I_half95,X,X_half95,AW,AW_half95,D,D_half95,voi_clean,voi_clean_half95,cost_zero,cost_zero_half95,cost_mode,cost_mode_half95,cost_clean,cost_clean_half95,cost_naive,cost_naive_half95,cost_aware,cost_aware_half95,V2_over_X,V2_over_voi,runtime_s
primary_L8_qw0.5_b0.2,primary,8,0.5,0.2,0.05,100000,2001,0.07116058662004743,0.0030521140936311765,0.261382342842922,0.006914117277829871,0.3309225758011686,0.0034730949434443863,0.2622433307234125,0.00439184341681256,0.0712724046189707,0.007466236709835844,4.006551433751724,0.038762955399751935,6.9304617669153314,0.05669843009489373,1.0845874333559398,0.005154402735899432,2.9239103331636063,0.022415740598131666,3.2548329089647754,0.025067063572493987,3.1861536638870196,0.02493672987138613,0.21503696581524112,0.017761056558660684,3.147765636444092
control_beta0,control_beta0,8,0.5,0.0,0.05,20000,2001,0.0,0.0,0.0,0.0,0.0,0.0,0.0,0.0,0.0,0.0,3.9612823210941968,0.08613201052467528,6.871498030455204,0.12573097154905197,1.079227093677746,0.0114300883226411,2.910215709361005,0.04930280995025753,2.910215709361005,0.04930280995025753,2.910215709361005,0.04930280995025753,,0.0,0.5155541896820068
control_eta0.5,control_eta_half,8,0.5,0.2,0.5,20000,2001,0.0,0.0,0.0,0.0,0.0,0.0,0.0,0.0,0.0,0.0,0.0,0.0,6.908221507495841,0.12727345141108526,1.0825655915905317,0.011570313764644131,6.908221507495841,0.12727345141108526,6.908221507495841,0.12727345141108526,6.908221507495841,0.12727345141108526,,,0.5331799983978271
map_L8_qw0.5_b0.5,map,8,0.5,0.5,0.05,100000,2001,0.30537275015479837,0.007346908525159583,0.5152330409912236,0.008109847490777894,0.820316118817432,0.008544849632310851,0.5151348134412602,0.01013842610978985,0.30748514133918775,0.014292038864122671,3.9832085164628603,0.038298390705829445,6.914156971419771,0.05612016012969088,1.0831051792199795,0.00510183273906281,2.9309484549569076,0.022283736451444835,3.7512645737743395,0.029106416967821867,3.4460832683981693,0.02821568928388962,0.37226228175916354,0.07666501738301494,1.8389198780059814
map_L8_qw0.02_b0.2,map,8,0.02,0.2,0.05,100000,2001,0.09049378705321784,0.002752671048185266,0.2066493711147401,0.005275320401691689,0.3029650590659182,0.0027331324817196014,0.20817075656420167,0.0035953077757816952,0.0936853764278359,0.0052650384749073085,3.117897282315171,0.0277379831623826,4.361286052131953,0.03809600106140621,0.4146623683756322,0.003463272823764204,1.2433887698167796,0.010938276873371596,1.546353828882697,0.01352041868486783,1.4515595263809806,0.013063245579839025,0.2986938075704911,0.029023979579603842,1.7499375343322754
map_L8_qw0.02_b0.5,map,8,0.02,0.5,0.05,100000,2001,0.41605274549896215,0.0070200444939942834,0.3434585920099898,0.004976378838937094,0.7611076472955459,0.00694025180037281,0.3437160836940466,0.008756307044458804,0.4158744327635133,0.011022265368303018,3.1316191978317254,0.02815586531627409,4.378813596901395,0.03865205346878381,0.4162557815364909,0.003513823042616712,1.247194399069671,0.011097966127294316,2.008302046365216,0.017741200469035507,1.5909104827637175,0.01626895350437347,0.5466411314842624,0.13285547163174544,1.82564377784729
map_L32_qw0.5_b0.2,map,32,0.5,0.2,0.05,100000,2001,0.0060764511664776815,0.00041275309150722316,0.07472605483278495,0.002748597476915187,0.08220658013709775,0.0008572159702492365,0.07614382624816664,0.0009058601251552173,0.005868327944833185,0.0025888644672267622,3.9888200152788627,0.038322401601777925,6.902564905993396,0.05619182828956036,1.0820513550903088,0.005108348026323673,2.9137448907145322,0.02240406517593886,2.9959514708516304,0.0230355002882335,2.989888716962698,0.02302406551091237,0.0739168465145229,0.001523370606646154,32.159398794174194
map_L32_qw0.5_b0.5,map,32,0.5,0.5,0.05,100000,2001,0.03205322532530431,0.0015139829438049015,0.16956508768659084,0.004987272282337229,0.20580277149754692,0.0021419381025423886,0.1723302709549775,0.0024433101985287145,0.040460034670674945,0.005809176223786689,3.990677305314017,0.03828443116953467,6.920332621766736,0.056135931736617066,1.0836666019787942,0.00510326652151065,2.9296553164527133,0.022295002812194712,3.1354580879502643,0.02390708631797228,3.1019855874076923,0.023784225907889724,0.15574729675438978,0.008032026363700715,35.23385405540466
map_L32_qw0.02_b0.2,map,32,0.02,0.2,0.05,100000,2001,0.008068077491286407,0.00037667788200173,0.06864100009530705,0.0026474501163208956,0.07605789522133166,0.0006884295706157297,0.06815166666014888,0.0007407333787323671,0.00793633578196174,0.0017577962401227436,3.1311206487625487,0.027914036244419314,4.3767168132580965,0.03830074662227965,0.416065164841645,0.0034818860565708812,1.2455961644955464,0.010952478550855266,1.3216540597168787,0.011597719057396037,1.3137478311556956,0.011548672699959803,0.10607810626113126,0.0025767379786131826,32.71229290962219
map_L32_qw0.02_b0.5,map,32,0.02,0.5,0.05,100000,2001,0.05025275903284339,0.0017453236777815369,0.14137772842528412,0.00422240641110742,0.18994226116985577,0.001706180893120559,0.14049531087139205,0.002326828075263821,0.049596523099550496,0.0037493430395746166,3.130500229831353,0.027755556824373147,4.375824646776527,0.03811463194680913,0.41598405879786643,0.003464966540619015,1.245324416945173,0.010913569313473549,1.4352666781150276,0.012520082558624907,1.385819727816565,0.012285816721908127,0.26456860481356953,0.016052629082717113,32.334877252578735
